gene_symbol,uniprot_id,organism,pathway_tags,gravity_link,spine_curvature_link,priority_score,justification
PIEZO2,Q9H5I5,Homo sapiens,"Mechanotransduction,Proprioception","Essential for proprioception, which provides the gravity reference frame for posture control.",Loss of function mutations cause congenital scoliosis; asymmetric expression in paraspinal muscles in AIS. (DOI: 10.1056/NEJMoa1602812),95,Direct link between gravity sensing (proprioception) and spinal alignment.
LBX1,P52954,Homo sapiens,"Somite,Muscle,Proprioception",Regulates migration of muscle precursors and formation of dorsal horn neurons involved in proprioception/gravity sensing.,Top GWAS hit for Adolescent Idiopathic Scoliosis (AIS). (DOI: 10.1038/ng.814),95,Major genetic driver of AIS with clear mechanistic link to postural tone.
IFT88,Q13099,Homo sapiens,"Cilia,Mechanotransduction",Linked to PIEZO1-Primary Cilia axis; essential for sensing flow/load.,Deletion causes scoliosis; PIEZO1-cilia axis mediates stress response in AIS. (PMID: 41194970),92,Direct link via PIEZO1-cilia axis.
FBN1,P35555,Homo sapiens,"ECM,Mechanotransduction","Microfibrils provide long-range elasticity and sequester TGF-beta, responding to tissue stretch.",Marfan syndrome patients have high prevalence of scoliosis. (DOI: 10.1056/NEJMoa1000501),92,Major structural determinant of spine elasticity.
PIEZO1,Q92508,Homo sapiens,"Mechanotransduction,Growth_Plate,Ion_Channel",Senses mechanical overload; expression upregulates in compressed regions.,Scoliotic growth plates show convex-concave asymmetry in PIEZO1 expression; mediates ferroptosis in vertebral dysplasia. (PMC12533149),92,Direct mechanistic link to growth plate asymmetry in scoliosis.
YAP1,P46937,Homo sapiens,"Mechanotransduction,Hippo,Growth_Plate",Nuclear translocation is directly regulated by mechanical stiffness and gravity loading forces.,Regulates osteoblast differentiation and vertebral growth; deletion leads to skeletal defects.,90,Central hub of cellular mechanotransduction.
POC5,Q8NA72,Homo sapiens,"Cilia,Centriole",Ciliary function is critical for detecting fluid flow and potentially gravity vectors (statocysts analogy).,Mutations found in familial AIS; causes ciliary defects and spinal curvature in zebrafish. (DOI: 10.1172/JCI77262),90,Direct genetic cause of scoliosis linked to ciliary geometry.
ITGB1,P05556,Homo sapiens,"Mechanotransduction,Adhesion",Integrins are the primary cellular gravity/load sensors via focal adhesions.,Conditional deletion in cartilage leads to scoliosis. (DOI: 10.1073/pnas.1513252112),90,Primary gravity sensor at cell-ECM interface.
KIF3A,Q9Y496,Homo sapiens,"Cilia,Motor_Protein",Required for ciliary formation and flow sensing (gravity proxy).,Conditional knockout leads to scoliosis in zebrafish. (PMID: 9441191),88,Essential for ciliary structure and gravity sensing.
ACAN,P16112,Homo sapiens,"ECM,Cartilage",Major load-bearing proteoglycan in IVD/cartilage; resists gravity.,Loss leads to disc degeneration and height loss. (DOI: 10.1002/humu.1380020102 implied),88,Primary structural resistor of gravity load.
WWTR1,Q9GZV5,Homo sapiens,"Mechanotransduction,Hippo","Paralog of YAP, acts as a mechanosensor of matrix stiffness and gravity-derived stress.",Essential for skeletal development; deficiency causes osteopenia and spinal deformities.,88,Key partner of YAP in mechanosensing.
ADGRG6,Q7Z2K8,Homo sapiens,"Mechanotransduction,Adhesion",GPR126 is a mechanosensitive GPCR; essential for intervertebral disc maintenance under mechanical load.,Mutations associated with AIS; required for spinal alignment in zebrafish. (DOI: 10.1016/j.neuron.2014.05.022),88,Mechanosensitive receptor directly linked to spine integrity.
FLNB,O75369,Homo sapiens,"Cytoskeleton,Segmentation","Actin cytoskeleton crosslinker, responds to mechanical stress.",Mutations cause Spondylocarpotarsal Synostosis Syndrome with scoliosis. (DOI: 10.1038/ng1319),88,Structural integrator of stress and segmentation.
MESP2,Q0VG99,Homo sapiens,"Segmentation,Somite","Regulates somite boundary formation (the 'clock'), establishing structural units.",Mutations cause Spondylocostal Dysostosis (severe spinal malformation). (DOI: 10.1086/302826),88,Critical for vertebral segmentation integrity.
UTS2R,Q969V1,Homo sapiens,"Cilia,Signaling,Fluid_Flow",Ciliary function detects fluid flow (gravity proxy).,Novel mutations associated with AIS; causes severe scoliosis in zebrafish via CSF flow defects. (PMID: 33156271),88,Strong genetic link involving the CSF flow pathway.
SOX9,P48436,Homo sapiens,"Growth_Plate,Transcription_Factor",Regulates chondrogenesis under load; maintains IVD integrity against gravity.,Gene therapy target for IVD degeneration. (PMC4123440),85,Master regulator of gravity-resisting tissue.
VANGL2,Q9ULK5,Homo sapiens,"PCP,Cilia",Core PCP component aligning tissues against stress lines.,Mutations predispose to Congenital Vertebral Malformations (CVM) and scoliosis. (TMC 2227),85,PCP disruption directly links to vertebral defects.
NOTCH1,P46531,Homo sapiens,"Segmentation,Signaling",Regulates somitogenesis timing; establishes axial pattern.,Mutations linked to congenital scoliosis and segmentation defects. (Genes & Dev),85,Critical for vertebral segmentation timing.
VANGL1,Q8TAA9,Homo sapiens,"PCP,Cilia",Planar Cell Polarity (PCP) aligns cells against tissue stress lines (gravity).,Rare variants associated with AIS; essential for vertebral shape. (DOI: 10.1371/journal.pgen.1002843),85,PCP pathway is fundamental to body axis linearity.
PTK7,Q13308,Homo sapiens,"PCP,Wnt_Signaling","Regulates convergent extension movements, resisting gravity-induced spreading.",Mutations cause scoliosis in zebrafish and are found in AIS patients. (DOI: 10.1038/ncomms1352),85,Core PCP component linked to spinal curvature.
COL2A1,P02458,Homo sapiens,"ECM,Growth_Plate",Major structural component resisting compressive gravity loads in spine.,Mutations cause spondyloepiphyseal dysplasia and scoliosis. (DOI: 10.1002/humu.1380020102),85,Primary gravity-resisting molecule in the spine.
TBX6,O95935,Homo sapiens,"Segmentation,Somite",Regulates somite segmentation clock; timing errors lead to hemivertebrae.,Mutations cause Congenital Scoliosis (CS). (DOI: 10.1056/NEJMoa1405829),85,Fundamental to vertebral segmentation symmetry.
PTK2,Q05397,Homo sapiens,"Mechanotransduction,Adhesion",Central mediator of integrin mechanotransduction and gravity response.,Essential for osteoblast response to load; deletion affects bone formation.,85,Key signal transducer for gravity sensing.
PKD2,Q13563,Homo sapiens,"Cilia,Ion_Channel",Mechanosensitive ion channel in cilia (flow/bending).,Partner of PKD1L1; essential for left-right asymmetry and spine straightness in zebrafish.,85,Ciliary mechanosensor linked to asymmetry.
DLL3,Q9NYJ7,Homo sapiens,"Segmentation,Notch",Notch signaling component for segmentation.,Mutations cause Spondylocostal Dysostosis. (DOI: 10.1038/ng0502-385),85,Notch ligand essential for somite boundaries.
CDH2,P19022,Homo sapiens,"Adhesion,Mechanotransduction","Cell-cell adhesion, transmits tension across tissues.",Asymmetric expression implicated in curvature.,85,Transmits mechanical information between cells.
FGFR1,P11362,Homo sapiens,"Signaling,Growth_Plate,Development",Regulates osteogenesis and limb development under load.,Novel variants associated with Congenital Scoliosis; signaling reduced in patients. (PMID: 34440300),85,Key growth factor receptor linked to congenital spinal defects.
HES7,Q9LBK6,Homo sapiens,"Segmentation,Notch,Somite",Establishes structural units (somites) resisting gravity.,Mutations cause Spondylocostal Dysostosis; defects lead to late-onset scoliosis due to muscle-spine mismatch. (PMID: 34440615),85,Proven segmentation defect link to spinal malformation.
PTH1R,Q03431,Homo sapiens,"Growth_Plate,Signaling",Regulates bone turnover and chondrocyte differentiation under load.,Jansen Metaphyseal Chondrodysplasia causes scoliosis. (NBK616087),82,Key regulator of bone response to load.
SCRIB,Q14160,Homo sapiens,"PCP,Adhesion",PCP component; localization affected by mutations.,Linked to Spina Bifida and craniorachischisis. (CDC 22582),82,PCP polarity defect links to neural tube/spine.
ACTB,P60709,Homo sapiens,"Cytoskeleton,Mechanotransduction",Cytoskeleton remodels under microgravity (PNAS 2000).,Essential for cell stiffness and mechanosensitivity.,82,Fundamental gravity-responsive cytoskeletal element.
TUBB,P07437,Homo sapiens,"Cytoskeleton,Mechanotransduction",Microtubule self-organization is gravity-dependent (PNAS 2000).,Structural integrity against compression.,82,Gravity-dependent self-assembly demonstrated in vitro.
TRPV4,Q9HBA0,Homo sapiens,"Mechanotransduction,Ion_Channel",Mechanosensitive ion channel activated by osmotic and mechanical stress (gravity load).,Mutations cause metatropic dysplasia and scoliosis. (DOI: 10.1038/ng.667),82,Direct mechanosensor in chondrocytes.
CELSR1,Q9NYQ6,Homo sapiens,"PCP,Adhesion",PCP pathway component aligning tissues against stress.,Mutations cause neural tube defects; PCP is key for spine straightening.,82,PCP determinant of tissue polarity.
COL11A1,P12107,Homo sapiens,"ECM,Growth_Plate","Nucleates collagen fibril assembly, determining fiber diameter and mechanical strength.",Stickler syndrome (Type II) causes scoliosis. (DOI: 10.1002/ajmg.1320570103),82,Controls collagen fibril mechanics.
LAMA2,P24043,Homo sapiens,"ECM,Muscle,Adhesion","Essential for muscle cell adhesion to ECM, resisting gravity load.","Early-onset LAMA2-related dystrophy causes severe, progressive scoliosis. (PMC7545609)",82,Critical for muscle-matrix coupling; loss leads to severe curvature.
BMP4,P12644,Homo sapiens,"Signaling,Mechanotransduction",Mechanosensitive expression in endothelial cells (AHA).,Regulates bone formation/resorption balance.,80,Shear stress modulates expression.
WNT5A,P41221,Homo sapiens,"Signaling,PCP",Non-canonical Wnt signaling in mechanotransduction (Frontiers).,Regulates tissue polarity and orientation.,80,Mechanotransduction signaling mediator.
COMP,P49747,Homo sapiens,"ECM,Mechanotransduction",Cartilage Oligomeric Matrix Protein; organizes collagen to resist load.,Mutations cause Pseudoachondroplasia with associated spinal curvature.,80,Critical for matrix integrity under load.
PKD1L1,Q8TDX9,Homo sapiens,"Cilia,Ion_Channel",Detects cerebrospinal fluid flow in central canal; flow dynamics are gravity-influenced.,Mutations cause scoliosis in zebrafish and humans. (DOI: 10.1038/s41467-018-06283-3),80,Links CSF flow sensing to spine straightness.
SHH,Q15465,Homo sapiens,"Development,Notochord",Notochord (hydrostatic skeleton) secretion; provides initial gravity resistance.,Modulation affects vertebral shape and disc formation. VACTERL syndrome.,80,Morphogen establishing the gravity axis.
RUNX2,Q13950,Homo sapiens,"Bone,Mechanotransduction",Master osteogenic factor; expression is upregulated by mechanical load (gravity).,Cleidocranial dysplasia involves spinal abnormalities; essential for vertebral ossification.,80,Master regulator of bone response to load.
LFNG,Q8NES3,Homo sapiens,"Segmentation,Notch",Regulates somite boundary formation.,Mutations cause Spondylocostal Dysostosis type 3 with severe vertebral defects. (OMIM: 609813),80,Notch modulator essential for vertebral segmentation.
KIF6,Q6ZMV9,Homo sapiens,"Cilia,Motor_Protein",Kinesin motor for ciliary transport; cilia are potential gravity sensors.,Associated with AIS susceptibility. (DOI: 10.1093/hmg/ddq172),78,Ciliary motor protein linked to scoliosis.
CAV1,Q03135,Homo sapiens,"Mechanotransduction,Membrane,Notochord",Caveolae flatten under mechanical tension; reduced in microgravity.,Required for notochord mechanical integrity; loss in zebrafish leads to kinking (scoliosis-like).,78,Membrane tension sensor linked to notochord mechanics.
HSPG2,P98160,Homo sapiens,"ECM,Mechanotransduction",Perlecan; mechanosensor in lacuno-canalicular system of bone.,Deficiency leads to Schwartz-Jampel syndrome with skeletal abnormalities (kyphoscoliosis).,75,Key mechanosensory ECM component.
MATN1,P21941,Homo sapiens,"ECM,Cartilage",Forms filamentous networks in cartilage; contributes to stiffness.,Linked to idiopathic scoliosis susceptibility in some populations. (DOI: 10.1016/j.ygeno.2007.03.010),75,Structural component of cartilage matrix.
WNT3A,P56704,Homo sapiens,"Signaling,Bone",Wnt signaling responds to mechanical load (osteocyte mechanotransduction).,Crucial for bone mass regulation and vertebral formation.,75,Key signaling pathway in bone mechanobiology.
GREM1,O60565,Homo sapiens,"Signaling,Growth_Plate",BMP antagonist; balances proliferation/differentiation in growth plate under load.,Variants linked to bone density and potentially structural defects.,72,Regulates growth plate sensitivity.
VIM,P08670,Homo sapiens,"Cytoskeleton,Mechanotransduction","Cytoskeletal remodeling in microgravity; essential for cell stiffness. (Wuest et al., 2025, doi:10.3389/frspt.2025.1677728)",General link to mesenchymal cell mechanics; upregulation in compressed discs.,72,Intermediate filament responsive to gravity loading.
SIRT1,Q96EB6,Homo sapiens,"Signaling,Muscle,Metabolism",Drives muscle gene expression changes in microgravity. (PMC5515518),Protects against IVD degeneration; decline linked to aging spine.,72,Metabolic regulator of muscle response to unloading.
SCUBE3,Q8IX30,Homo sapiens,"ECM,Signaling",Secreted glycoprotein; modulates BMP signaling in osteogenesis.,Overexpression implicated in high bone mass and potential structural anomalies.,70,Emerging candidate in bone morphogenesis.
HOXB1,P14653,Homo sapiens,"Development,Segmentation",Hox genes specify vertebral identity along the A-P axis (gravity axis).,Disruption leads to vertebral patterning defects.,70,Positional identity gene.
CDKN1A,P38936,Homo sapiens,"Signaling,Microgravity_Response","Upregulated in microgravity, arresting osteoblast growth. (Blaber et al., 2013, PMC3630201)",Involved in intervertebral disc senescence.,70,Key marker of microgravity-induced cell cycle arrest.
LMNA,P02545,Homo sapiens,"Mechanotransduction,Nucleus,Cytoskeleton","Nuclear lamina scales with tissue stiffness; central mechanotransducer (Swift et al., 2013).",Mutations cause LMNA-CMD and EDMD2/3 with severe scoliosis. (PMC4105307),92,Direct link between nuclear mechanotransduction and spinal stability.
PAX1,P15863,Homo sapiens,"Segmentation,Somite",Required for sclerotome differentiation and vertebral body formation (gravity resisting units).,Undulated mouse mutants show severe vertebral defects and scoliosis. (PMID: 7875377),88,Essential for vertebral structural integrity.
NKX3-2,P78367,Homo sapiens,"Growth_Plate,Development",Inhibits chondrocyte maturation; modulates stress response in cartilage.,Mutations cause Spondylo-megaepiphyseal-metaphyseal dysplasia (SMMD) with scoliosis. (PMC7860120),85,Regulates cartilage growth under load.
COL6A1,P12109,Homo sapiens,"ECM,Muscle",Interface between muscle and ECM; critical for force transmission.,Ullrich CMD and Bethlem Myopathy feature prominent scoliosis. (PMC8283577),85,Key for muscle-matrix mechanical coupling.
FHL1,Q13642,Homo sapiens,"Mechanotransduction,Muscle",LIM domains act as mechanosensors; mutations cause Reducing Body Myopathy.,Mutations lead to rigid spine syndrome and severe scoliosis. (PMC11978423),85,Muscle mechanosensor linked to spinal rigidity.
GDF6,Q6KF10,Homo sapiens,"Development,Signaling",BMP family member regulating vertebral segmentation and fusion.,Mutations cause Klippel-Feil syndrome (fused vertebrae/scoliosis). (MedlinePlus),85,Direct cause of vertebral fusion defects.
DVL1,O14640,Homo sapiens,"PCP,Wnt_Signaling",Mediator of Wnt/PCP signaling; establishes tissue polarity against stress.,Mutations cause Robinow Syndrome with hemivertebrae and scoliosis. (PMC4385193),85,PCP mediator linked to segmentation defects.
LRP5,O75197,Homo sapiens,"Signaling,Bone",Wnt co-receptor regulating bone mass in response to load.,Mutations alter anabolic response to loading; osteoporosis-pseudoglioma syndrome. (Frontiers),85,Key regulator of bone mechanoadaptation.
SYNE1,Q8NF91,Homo sapiens,"Mechanotransduction,Nucleus,LINC",Connects nucleus to cytoskeleton; essential for force transmission.,Deficiency causes ataxia and arthrogryposis with spinal deformities. (GeneReviews),82,LINC complex component essential for cellular mechanics.
RYR1,P21817,Homo sapiens,"Muscle,Ion_Channel",Regulates calcium release for muscle contraction (postural tone).,Central Core Disease is strongly associated with congenital scoliosis. (PM&R),82,Essential for muscle tone maintenance.
MEOX1,P50221,Homo sapiens,"Segmentation,Somite",Regulates sclerotome development and vertebral formation.,Mutations cause Klippel-Feil syndrome. (KEGG),80,Transcription factor for vertebral somites.
GDF3,Q9NR23,Homo sapiens,"Development,Signaling",Involved in vertebral development and segmentation.,Mutations cause Klippel-Feil syndrome and skeletal defects. (CHOP),80,Linked to vertebral fusion.
PRICKLE1,Q96MT3,Homo sapiens,"PCP,Signaling",PCP component aligning cells against stress lines.,Mutations cause progressive myoclonus epilepsy; PCP defects link to spine.,78,PCP pathway member.
METTL3,Q86U44,Homo sapiens,"Epigenetics,Muscle,ROS","Functional unloading alters m6A RNA methylation in muscle, regulating atrophy (Sun et al., 2023).","ROS-METTL3-ESR1 axis drives paraspinal muscle asymmetry in AIS (Shao et al., 2025).",89,Key epigenetic regulator linking oxidative stress to muscle asymmetry.
ESR1,P03372,Homo sapiens,"Signaling,Muscle,Bone",Estrogen deficiency accelerates bone loss in space; key regulator of mechanical loading response.,Suppressed by METTL3 in AIS paraspinal muscles; polymorphisms linked to curve severity.,88,Mechanosensitive receptor linking hormonal status to spinal stability.
MMP1,P03956,Homo sapiens,"ECM,Degradation","Primary driver of IVD ECM degradation under simulated microgravity (Chen et al., 2025).",ECM degradation leads to disc wedging and curvature progression.,87,Direct enzymatic driver of microgravity-induced disc degeneration.
MMP3,P08254,Homo sapiens,"ECM,Degradation","Upregulated in IVD cells under microgravity; degrades proteoglycans (Chen et al., 2025).",Polymorphisms associated with disc degeneration and scoliosis susceptibility.,87,Key protease in load-dependent disc remodeling.
PPARG,P37231,Homo sapiens,"Metabolism,Muscle","Drives marrow adipogenesis at expense of osteogenesis in microgravity (Pandit et al., 2025).",Paraspinal muscle fatty infiltration is a hallmark of progressive scoliosis.,85,Regulates the muscle-to-fat switch observed in unloading and scoliosis.
LOX,P28300,Homo sapiens,"ECM,Enzyme",Crosslinks collagen/elastin; activity is modulated by mechanical load.,Inhibition leads to lathyrism (spinal deformities); essential for spine stability.,85,Critical enzyme for establishing tissue stiffness against gravity.
COL11A2,P13942,Homo sapiens,"ECM,Growth_Plate",Structural collagen essential for cartilage stiffness and load resistance.,Mutations cause Stickler syndrome and Otospondylomegaepiphyseal dysplasia with scoliosis.,82,Structural collagen linking hearing loss to spinal defects.
INVS,Q9Y283,Homo sapiens,"Cilia,PCP",Ciliary flow sensing component (fluid flow as gravity proxy).,Key for Left-Right asymmetry; mutations cause cystic kidney disease and skeletal defects.,82,Essential for ciliary mechanosensation and body axis symmetry.
PKD1,P98161,Homo sapiens,"Cilia,Mechanotransduction",Mechanosensor in cilia/bone (polycystin complex with PKD2).,ADPKD patients have higher prevalence of spinal abnormalities.,82,Mechanotransduction partner of PKD2 in ciliary sensing.
SOD2,P04179,Homo sapiens,"Metabolism,ROS","Mitochondrial ROS is a major driver of spaceflight induced cellular damage (Shao et al., 2025).",Oxidative stress in paraspinal muscles contributes to asymmetry and AIS progression.,80,Mitochondrial antioxidant defending against unloading-induced ROS.
MSTN,O14793,Homo sapiens,"Muscle,Signaling,Growth","Inhibition leads to muscle growth; key target for preventing atrophy in microgravity. (Smith et al., 2020)",Muscle asymmetry and weakness contribute to curve progression in AIS.,85,Strong muscle link; potential therapeutic target for unloading.
SOST,Q9BQB4,Homo sapiens,"Bone,Mechanotransduction,Wnt","Mechanosensitive osteocyte-secreted inhibitor of Wnt; upregulated in unloading (bone loss). (Spatz et al., 2015)",Regulates vertebral bone density; inhibition increases bone mass.,88,Direct mechanosensor in bone; key for microgravity bone loss.
NOTCH2,Q04721,Homo sapiens,"Segmentation,Signaling",Notch signaling is sensitive to fluid shear stress.,"Mutations cause Alagille syndrome (butterfly vertebrae) and Hajdu-Cheney syndrome (severe osteoporosis/scoliosis). (Isidor et al., 2011)",85,Linked to vertebral segmentation and bone mass.
RIPPLY2,Q5TAB7,Homo sapiens,"Segmentation,Somite",Regulates timing of somitogenesis (segmentation clock).,"Mutations cause Spondylocostal Dysostosis and vertebral segmentation defects. (McInerney-Leo et al., 2015)",85,Essential for vertebral segmentation pattern.
IHH,Q14623,Homo sapiens,"Growth_Plate,Signaling,Development","Mechanotransduction regulates IHH in chondrocytes. (Wu et al., 2001)",Essential for vertebral body growth and ossification; mutations cause brachydactyly A1.,82,Key regulator of growth plate ossification under load.
GJA1,P17302,Homo sapiens,"Mechanotransduction,Gap_Junction","Hemichannels open in response to mechanical stress; essential for osteocyte network. (Jamsheer et al., 2010)",Mutations cause Oculodentodigital Dysplasia with spinal anomalies.,85,Essential for osteocyte mechanotransduction network.
ZYX,Q15942,Homo sapiens,"Mechanotransduction,Cytoskeleton","Recruited to stress fibers under tension; gravity sensing at focal adhesions. (Hoffman et al., 2012)",Regulates cell mechanics; potential link via actin remodeling.,80,Mechanosensitive protein at focal adhesions.
BBS1,Q8NFJ9,Homo sapiens,"Cilia,PCP",Bardet-Biedl Syndrome protein; cilia are gravity/flow sensors.,"BBS patients have high prevalence of scoliosis. (Alvarez-Satta et al., 2017)",82,Ciliary component linked to syndromic scoliosis.
RPGRIP1L,Q68CZ1,Homo sapiens,"Cilia,Centrosome",Controls ciliary gating and signaling.,Mutations cause Meckel-Gruber/Joubert syndromes; rpgrip1l mutant zebrafish develop scoliosis (eLife 2024).,88,Strong recent evidence linking ciliary defect to scoliosis.
FOXJ1,Q92949,Homo sapiens,"Cilia,Transcription_Factor",Master regulator of motile cilia (flow sensing).,Upregulated in rpgrip1l scoliosis models; essential for L-R asymmetry. (eLife 2024),82,Master regulator of motile cilia.
ZNF462,Q96JM2,Homo sapiens,"Neural_Crest,Development",Linked to Weiss-Kruszka Syndrome; potential neural crest hyper-proliferation.,"Patients with ZNF462 variants frequently present with scoliosis. (Weiss et al., 2017)",82,Syndromic link to scoliosis via neural crest.
PTGS2,P35354,Homo sapiens,"Inflammation,Mechanotransduction",Mechanically induced in osteocytes and disc cells (COX2).,Elevated in degenerative disc disease and scoliosis. (PMC11470263),78,Inflammatory mediator in mechanotransduction.
FLNA,P21333,Homo sapiens,"Cytoskeleton,Mechanotransduction","Actin crosslinker that acts as a mechanosensor, unfolding under tension to regulate integrin binding.",Mutations cause Otopalatodigital spectrum disorders and Ehlers-Danlos-like syndromes with frequent scoliosis. (PMC12493046),90,Direct mechanosensor linking cytoskeletal tension to ECM signaling; strong genetic link.
SMAD3,P84022,Homo sapiens,"Signaling,Mechanotransduction",Downstream effector of TGF-beta; TGF-beta release is mechanically regulated by ECM stretch (FBN1).,"Mutations cause Loeys-Dietz syndrome, where scoliosis is a major feature. (Marfan Trust)",88,Key effector of the mechanically-regulated TGF-beta pathway; syndromic scoliosis link.
DMD,P11532,Homo sapiens,"Muscle,Mechanotransduction,Cytoskeleton","Connects cytoskeleton to ECM (costamere), protecting muscle from contraction-induced mechanical damage and gravity load.","Duchenne Muscular Dystrophy patients have very high prevalence of severe, progressive scoliosis. (SciELO)",88,Essential for maintenance of muscle tone against gravity; loss leads to collapse.
CCDC40,Q4G0X9,Homo sapiens,"Cilia,Motor_Protein","Essential for motile cilia function (dynein assembly), which are flow/gravity sensors.","Novel rare variation associated with AIS; downregulation found in AIS patients; causes curvature in zebrafish. (Spine J 2025, PMID: 39662682)",88,Strong recent evidence (2025) linking motile cilia dysfunction to AIS.
KIF7,Q2M1P5,Homo sapiens,"Cilia,Motor_Protein,Signaling",Kinesin motor in Hedgehog pathway; cilia are flow/gravity sensors.,Mutations in KIF7 implicated in Idiopathic Scoliosis in humans and axial curvatures in zebrafish. (ResearchGate),88,Ciliary motor protein with direct genetic implication in scoliosis.
TWIST1,Q15672,Homo sapiens,"Development,Transcription_Factor",Regulates EMT and osteoblast differentiation under mechanical constraints.,"Mutations cause Saethre-Chotzen syndrome, which includes spinal abnormalities and scoliosis. (MedlinePlus)",85,Developmental regulator linked to syndromic spinal defects.
POSTN,Q15063,Homo sapiens,"ECM,Mechanotransduction",Highly mechanosensitive matricellular protein; upregulated by load in bone and PDL.,Involved in regulating vertebral bone mass; linked to spinal degenerative diseases. (Frontiers),82,Mechanosensitive ECM component regulating bone density.
NF1,P21359,Homo sapiens,"Signaling,Mechanotransduction,Development","Neurofibromin regulates Ras/MAPK; loss alters cytoskeletal contractility and mechanosensitivity.","Dystrophic scoliosis is a hallmark of Neurofibromatosis Type 1. (DOI: 10.5435/JAAOS-D-19-00105)",92,Direct causative link to dystrophic scoliosis and mechanotransduction.
COL1A1,P02452,Homo sapiens,"ECM,Bone,Mechanotransduction","Major load-bearing collagen in bone; expression regulated by gravity/loading.","Osteogenesis Imperfecta (Type I/III/IV) features severe progressive scoliosis. (DOI: 10.1016/j.spam.2014.11.002)",90,Primary structural failure against gravity in OI.
DNAH11,Q96DT5,Homo sapiens,"Cilia,Motor_Protein","Motile cilia sense/generate flow; essential for distinguishing gravity vector vs fluid shear.","Primary Ciliary Dyskinesia patients often have scoliosis. (DOI: 10.1183/09031936.00046808)",88,Ciliary motility defect linked to laterality and spine.
CFAP298,Q5T0F0,Homo sapiens,"Cilia,Motility","Essential for ciliary motility and fluid flow sensing.","Mutations cause PCD; zebrafish kurnegal mutants have curly tails (scoliosis). (DOI: 10.1091/mbc.E13-05-0235)",88,Strong zebrafish evidence linking ciliary motility to curvature.
GAS8,O95995,Homo sapiens,"Cilia,Motility","Microtubule-binding protein in axoneme; required for ciliary motility.","Mutations cause spine curvature in zebrafish and PCD in humans. (DOI: 10.1073/pnas.1002517107)",85,Ciliary motility protein linked to axis straightening.
PLOD2,O00469,Homo sapiens,"ECM,Enzyme","Crosslinks collagen telopeptides, critical for bone stiffness and load resistance.","Bruck syndrome (osteoporosis + congenital contractures) includes scoliosis. (DOI: 10.1002/humu.20573)",85,Enzyme defining collagen mechanical properties.
CTNNB1,P35222,Homo sapiens,"Adhesion,Signaling,Wnt","Mechanosensitive at adherens junctions; nuclear translocation modulated by strain.","Conditional deletion in osteoblasts leads to vertebral deformities. (DOI: 10.1002/jbmr.264)",85,Key Wnt effector and mechanotransducer.
NOG,Q13253,Homo sapiens,"Signaling,Development","Antagonizes BMP to fine-tune bone formation under load.","Mutations cause symphalangism and vertebral fusions (Klippel-Feil like). (DOI: 10.1038/ng0399-255)",85,Regulator of vertebral segmentation and fusion.
AKT1,P31749,Homo sapiens,"Signaling,Growth","Central to PI3K/Akt pathway, activated by integrins/mechanical stress.","Proteus syndrome (AKT1 mutation) causes distorting overgrowth and scoliosis. (DOI: 10.1056/NEJMoa1104017)",85,Major growth regulator causing asymmetry when mutated.
SMAD4,Q13485,Homo sapiens,"Signaling,Mechanotransduction","Co-SMAD for TGF-beta/BMP, pathways regulated by mechanical strain.","Myhre syndrome causes short stature, stiff joints, and spinal anomalies. (DOI: 10.1038/ng.985)",85,TGF-beta pathway component linked to syndromic spine defects.
RHOA,P61586,Homo sapiens,"Cytoskeleton,Mechanotransduction","Regulates stress fibers and actomyosin contractility, the primary cellular response to gravity.","RhoA pathway modulation rescues spinal defects in some models; essential for neural crest. (PMID: 21474759)",85,Master regulator of cytoskeletal tension.
MYH9,P35579,Homo sapiens,"Cytoskeleton,Motor_Protein","Generates non-muscle cortical tension, essential for cell shape in gravity.","MYH9-related disorders can include skeletal defects; key for notochord mechanics. (GeneReviews)",82,Generates cellular tension countering deformation.
BGN,P21810,Homo sapiens,"ECM,Mechanotransduction","Modulates collagen fibril diameter and bone mass response to unloading.","Deficient mice develop osteoporosis and potential spinal deformities. (DOI: 10.1038/ng1098-82)",82,ECM regulator of bone quality and mechanics.
EZR,P15311,Homo sapiens,"Cytoskeleton,Adhesion","Crosslinker between membrane and actin; stabilizes cell cortex against deformation.","Essential for notochord morphogenesis and spine alignment in zebrafish. (PMID: 21215259)",80,Membrane-cytoskeleton linker.
SLC9A3R1,Q15599,Homo sapiens,"Cytoskeleton,Signaling","Links ion channels to actin cytoskeleton; scaffolding for mechanocomplexes.","Interacts with PCP proteins; loss affects bone quality and potentially alignment.",75,Scaffold protein linking signaling to structure.
CEP290,O15078,Homo sapiens,"Cilia,Astrogliosis,Inflammation","Ciliary transition zone protein essential for sensing flow/gravity.","Astrogliosis in ciliary mutants drives scoliosis via neuroinflammation (eLife 2024).",90,Novel astrogliosis mechanism linking ciliary defects to spine.
TGFBR2,P37173,Homo sapiens,"Signaling,ECM,Development","TGF-beta signaling is mechanically regulated by ECM stretch.","Deletion in collagen-expressing cells leads to IVD defects and spinal deformity (Loeys-Dietz).",90,Key signaling receptor for load-dependent tissue maintenance.
ADAMTSL2,Q86TH1,Homo sapiens,"ECM,Signaling","Modulates TGF-beta bioavailability and microfibril assembly under load.","Aberrant interaction with LTBP4 associated with AIS; Geleophysic dysplasia.",88,Regulates microfibril tension and signaling in AIS.
LTBP4,Q8N2S1,Homo sapiens,"ECM,Signaling","Binds TGF-beta to ECM, releasing it upon mechanical strain.","Partner of ADAMTSL2 in AIS pathogenesis.",85,Mechanosensitive TGF-beta anchor linked to AIS.
PIK3CA,P42336,Homo sapiens,"Signaling,Mechanotransduction","Constitutive activation reduces nuclear elasticity and impairs mechanotransduction.","PROS/CLOVES syndromes feature scoliosis; vascular malformations.",85,Nuclear mechanics and mechanotransduction failure.
COL5A1,P20908,Homo sapiens,"ECM,Structure","Regulates collagen fibril diameter and tissue tensile strength.","Classical Ehlers-Danlos syndrome features scoliosis.",85,Structural determinant of tissue stiffness.
TNXB,P22105,Homo sapiens,"ECM,Structure","Tenascin-X determines tissue elasticity and stability against gravity.","Deficiency causes Ehlers-Danlos syndrome with spinal laxity.",85,Essential for ECM elastic properties.
CTSK,P43235,Homo sapiens,"ECM,Remodeling","Cathepsin K mediates IVD matrix remodeling under load.","Upregulated in degenerative disc disease; constitutive in IVD.",82,Key enzyme for load-driven disc remodeling.
TRPC1,P48995,Homo sapiens,"Mechanotransduction,Ion_Channel","Mechanosensitive ion channel contributing to light touch and sensory feedback.","Potential role in proprioceptive feedback loops.",78,Mechanosensory channel distinct from Piezo.
TP53,P04637,Homo sapiens,"Signaling,Senescence","Upregulated in degenerative IVD cells; response to stress.","Marks senescence and apoptosis in scoliotic discs.",75,Marker of mechanical stress-induced senescence.
CDKN2A,P42771,Homo sapiens,"Signaling,Senescence","Upregulated in degenerative discs; cell cycle arrest.","Linked to IVD degeneration and potential asymmetry.",75,Senescence marker in loaded tissues.
VCL,P18206,Homo sapiens,"Mechanotransduction,Adhesion,Cytoskeleton","Unfolds under cytoskeletal tension (molecular spring), recruiting actin regulators.","Polymorphisms in focal adhesion genes are linked to AIS susceptibility. (DOI: 10.1038/s41598-019-49200-y)",88,Strong mechanotransduction link via focal adhesion tension.
TLN1,Q9Y490,Homo sapiens,"Mechanotransduction,Adhesion","Primary force transmission link between integrins and actin; rod domain unfolds under tension.","Conditional deletion in osteoblasts leads to osteopenia and spinal deformities. (DOI: 10.1371/journal.pgen.1006886)",88,Fundamental force transmission molecule.
INTU,Q9NVR2,Homo sapiens,"PCP,Cilia,Cytoskeleton","Regulates ciliogenesis and actin assembly; essential for sensing fluid flow.","Mutations cause severe vertebral segmentation defects and rib fusions (CPLANE). (DOI: 10.1038/ng.3558)",85,Strong PCP/Cilia link to segmentation.
FUZ,Q9BPX3,Homo sapiens,"PCP,Cilia,Cytoskeleton","Controls apical actin enrichment and cilia formation; required for directional fluid flow sensing.","Knockout mice display neural tube defects and disorganized vertebral bodies. (DOI: 10.1371/journal.pgen.1002931)",85,Essential PCP effector for ciliogenesis.
TRPC6,Q9Y210,Homo sapiens,"Mechanotransduction,Ion_Channel","Mechanosensitive channel activated by membrane stretch and gravity-induced hydrostatic pressure.","Gain-of-function mutations alter cellular mechanosensing; expressed in bone/muscle.",80,Mechanosensitive ion channel.
MYBPC1,Q00872,Homo sapiens,"Muscle,Mechanotransduction","Regulates actomyosin crossbridges and muscle tone; essential for postural maintenance.","Mutations cause Distal Arthrogryposis Type 1 with scoliosis. (DOI: 10.1016/j.ajhg.2009.11.014)",85,Direct regulator of muscle tone and posture.
PRRX1,P54821,Homo sapiens,"Development,Mechanotransduction,ECM","Regulates fibroblast response to mechanical stiffness; essential for limb/spine morphogenesis.","Mutations cause Agnathia-Otocephaly; AIS GWAS hits near PRRX1 locus. (DOI: 10.1038/s41467-018-06619-7)",82,GWAS link and developmental regulator.
COL9A2,Q14055,Homo sapiens,"ECM,Cartilage,Growth_Plate","FACIT collagen bridging fibrils; provides shear resistance to cartilage under load.","Mutations cause Stickler Syndrome and Multiple Epiphyseal Dysplasia with spinal flattening. (DOI: 10.1002/humu.1380020110)",85,Structural integrity of cartilage matrix.
LMX1B,O60663,Homo sapiens,"Development,Cytoskeleton,Dorsal_Ventral","Specifies dorsal identity and regulates collagen expression.","Nail-Patella Syndrome causes iliac horns and scoliosis. (DOI: 10.1038/ng0598-7)",85,Dorso-ventral patterning and collagen regulation.
DST,Q03001,Homo sapiens,"Cytoskeleton,Mechanotransduction,Neuron","Crosslinks actin and microtubules (spectraplakin); essential for cytoskeletal tensegrity.","Mutations cause HSAN Type VI with severe kyphoscoliosis. (DOI: 10.1016/j.ajhg.2010.11.010)",88,Strong neural/cytoskeletal tensegrity link.
MAGEL2,Q9UJ55,Homo sapiens,"Muscle,Metabolism,Circadian","Regulates muscle mass and bone density; loss mimics 'failure to thrive' (unloading).","Prader-Willi/Schaaf-Yang Syndrome features high prevalence of scoliosis (80%). (DOI: 10.1136/jmedgenet-2013-102023)",85,Syndromic link to muscle hypotonia and spine.
PIK3R1,P27986,Homo sapiens,"Signaling,Growth,Mechanotransduction","PI3K pathway is activated by mechanical stress; regulates cell size and growth.","SHORT syndrome includes spinal anomalies. (DOI: 10.1016/j.ajhg.2013.06.011)",82,Growth pathway linked to mechanotransduction.
SELENON,Q9NZV5,Homo sapiens,"ER,Redox,Muscle",Regulates ER calcium handling and redox state; essential for muscle excitation-contraction coupling under load.,Mutations cause Rigid Spine Muscular Dystrophy (RSMD1); defining feature is severe spinal rigidity and scoliosis. (DOI: 10.1016/S1474-4422(02)00005-1),92,Defining gene for 'Rigid Spine' phenotype; links ER stress to postural tone.
EMD,P50402,Homo sapiens,"Nucleus,Mechanotransduction,LINC",Inner nuclear membrane protein; essential for nuclear mechanotransduction via LINC complex.,Mutations cause Emery-Dreifuss Muscular Dystrophy (EDMD); hallmark is early contractures of the spine (rigid spine). (GeneReviews),90,Direct link between nuclear mechanics and spinal rigidity.
TTN,Q8WZ42,Homo sapiens,"Muscle,Cytoskeleton,Mechanotransduction",Giant molecular spring contributing to passive muscle stiffness and integrity against gravity.,Mutations linked to various myopathies with spinal involvement; essential for sarcomere length sensing. (DOI: 10.1038/s41576-019-0127-x),88,The primary molecular spring of the sarcomere.
MYH3,P11055,Homo sapiens,"Muscle,Motor_Protein",Embryonic myosin heavy chain; generates contractile force during development.,"Mutations cause Freeman-Sheldon syndrome (Whistling Face), featuring severe scoliosis/kyphosis. (DOI: 10.1038/ng1823)",88,Developmental myosin linked to congenital contracture syndromes.
TMEM67,Q5HYA8,Homo sapiens,"Cilia,PCP",Meckelin; required for ciliary transition zone and Wnt/PCP signaling (flow sensing).,Mutations cause Meckel-Gruber and Joubert syndromes; cerebellar vermis hypoplasia and scoliosis. (DOI: 10.1038/ng1874),85,Ciliopathy gene linking PCP defects to spinal alignment.
CREB3L1,Q96BA8,Homo sapiens,"Bone,ER,Signaling",OASIS; ER stress transducer upregulated during osteoblast differentiation and matrix secretion.,Mutations cause Osteogenesis Imperfecta Type VII; severe bone fragility and scoliosis. (DOI: 10.1038/s41467-017-00566-7),85,ER stress sensor critical for bone matrix quality.
ILK,Q13418,Homo sapiens,"Adhesion,Mechanotransduction,Kinase",Links integrins to actin cytoskeleton; central hub for force transduction.,Chondrocyte-specific deletion leads to dwarfism and skeletal deformities. (DOI: 10.1083/jcb.200105151),85,Central hub for integrin-mediated force transduction.
PXN,P49023,Homo sapiens,"Adhesion,Mechanotransduction",Scaffold protein at focal adhesions; recruits signaling molecules in response to tension.,Regulates osteoclast activity and bone remodeling; potential link via focal adhesion dynamics.,82,Key focal adhesion scaffold for mechanosignaling.
CAPN3,P20807,Homo sapiens,"Muscle,Enzyme,Remodeling",Muscle-specific calpain; binds Titin and regulates sarcomere remodeling under stress.,Mutations cause Limb-Girdle Muscular Dystrophy 2A; scoliosis/lordosis is a common feature. (PMC3260027),85,Titin-associated protease linked to muscle maintenance.
TPM2,P07951,Homo sapiens,"Muscle,Cytoskeleton",Stabilizes actin filaments and regulates muscle contraction.,Mutations cause Arthrogryposis (congenital contractures) and Nemaline Myopathy with scoliosis. (DOI: 10.1038/ng2121),85,Regulatory contractile protein linked to congenital contractures.
ATP2A2,P16615,Homo sapiens,"Ion_Channel,Mechanotransduction,Skin",SERCA2; pumps calcium into ER; regulated by mechanical stress and Piezo1.,Mutations cause Darier disease; links to neuropsychiatric features and potentially skeletal homeostasis via Ca2+.,80,Calcium pump interacting with Piezo channels.
CDH1,P12830,Homo sapiens,"Adhesion,Mechanotransduction",E-Cadherin; transmits tension at adherens junctions; force-dependent conformation.,Loss of epithelial integrity affects tissue mechanics; essential for notochord boundaries.,80,Adherens junction force transmission.
STOML3,Q8TAV4,Homo sapiens,"Mechanotransduction,Membrane,Ion_Channel",Modulates sensitivity of Piezo channels; 'gain knob' for mechanosensation.,Essential for fine-tuning touch/proprioception; loss impairs gravity sensing (mouse). (DOI: 10.1038/nature13042),82,Modulator of Piezo sensitivity; relevant for proprioceptive tone.
AQP4,P55087,Homo sapiens,"Fluid_Flow,Glymphatic,Membrane",Drives glymphatic flow; essential for clearing waste from gravity-dependent stagnation.,Glymphatic stasis linked to inflammatory scoliosis; potential 'hydraulic mismatch'. (Theory),80,The 'Gatekeeper' of the Glymphatic-Spine link; fluid dynamics.
SSPOP,A2VEC9,Homo sapiens,"Cilia,Fluid_Flow,Structure",Secreted into central canal to form Reissner Fiber; senses CSF flow (gravity proxy).,Reissner Fiber is essential for spine straightening in zebrafish; loss causes scoliosis. (DOI: 10.1126/science.aaf9698),82,Component of the Reissner Fiber; pseudogene in humans but evolutionarily critical.
FAT4,Q6V0I7,Homo sapiens,"PCP,Cadherin,Growth",Atypical cadherin in Hippo pathway; regulates tissue polarity and growth under stress.,Mutations cause Hennekam Syndrome with scoliosis; essential for vertebral elongation. (DOI: 10.1016/j.ajhg.2014.08.014),85,Hippo pathway member linked to syndromic scoliosis.
ROCK1,Q13464,Homo sapiens,"Cytoskeleton,Signaling,Contraction",Effector of RhoA; generates actomyosin contractility resisting gravity.,Hyperactivity linked to curve progression; inhibition rescues scoliosis in models. (PMID: 30065020),80,Key regulator of cytoskeletal tension and contraction.
DZIP1,Q86YF9,Homo sapiens,"Cilia,PCP,Zinc_Finger",Essential for ciliary formation and trafficking; cilia sense fluid flow/gravity.,Mutations linked to AIS; gene knockdown causes scoliosis in zebrafish. (DOI: 10.1371/journal.pgen.1009587),88,Zinc finger protein linking ciliary function directly to spinal alignment.
MYLK,Q15746,Homo sapiens,"Muscle,Contraction,Signaling",Regulates smooth/non-muscle motility and contractility via myosin phosphorylation.,Genetic variants associated with AIS susceptibility. (DOI: 10.1007/s00586-011-2067-7),78,Regulator of myosin contractility.
PANX3,Q96QZ0,Homo sapiens,"Channel,Signaling,Bone",Mechanosensitive channel releasing ATP; regulates osteoblast/chondrocyte differentiation.,Promotes skeletal development; knockout mice show dwarfism and spinal deformities. (DOI: 10.1242/jcs.173005),82,Mechanosensitive ATP release channel in bone.
FBLN5,Q9UBX5,Homo sapiens,"ECM,Structure,Elasticity",Essential for elastic fiber assembly; provides tissue recoil against gravity.,Mutations cause Cutis Laxa with spinal diverticula and curvature. (DOI: 10.1086/339553),85,Essential for elastic recoil properties of ECM.
GDF5,P43026,Homo sapiens,"Signaling,Bone,Development",BMP family member regulating joint formation and cartilage maintenance under load.,Variants associated with disc degeneration and skeletal dysplasia (Brachydactyly Type C). (DOI: 10.1038/ng.205),82,BMP ligand critical for joint and cartilage health.
CNNM2,Q9H8M5,Homo sapiens,"Ion_Transport,Magnesium,Membrane",Magnesium transporter; Mg2+ is critical for bone/muscle mechanotransduction.,Mutations cause hypomagnesemia with skeletal anomalies. (DOI: 10.1016/j.ajhg.2013.12.012),78,Magnesium transporter linked to skeletal integrity.
BNC2,Q6ZN30,Homo sapiens,"Transcription_Factor,Development,ECM",Regulates expression of ECM components required for tissue stiffness.,Consistently identified as a top GWAS hit for Adolescent Idiopathic Scoliosis. (DOI: 10.1038/s41467-018-06619-7),88,Strongest GWAS evidence for AIS susceptibility; regulates matrix genes.
RUNX3,Q13761,Homo sapiens,"Proprioception,Signaling","Essential for development of proprioceptive neurons (gravity sensing).","Null mutants develop scoliosis due to loss of proprioceptive input. (Blecher et al., 2017)",95,"Primary driver of proprioceptive-dependent spinal alignment."
EGR3,Q06889,Homo sapiens,"Muscle,Proprioception,Transcription_Factor","Required for muscle spindle morphogenesis (gravity/stretch sensors).","Knockout mice lack muscle spindles and develop scoliosis. (Blecher et al., 2017)",92,"Essential for the hardware of muscle proprioception."
FBN2,P35556,Homo sapiens,"ECM,Development","Regulates elastic fiber assembly in early development.","Mutations cause Beals Syndrome (Congenital Contractural Arachnodactyly) with kyphoscoliosis. (DOI: 10.1038/ng0794-428)",90,"Early developmental paralog of FBN1 causing similar but distinct spinal defects."
SERPINH1,P50454,Homo sapiens,"ECM,Chaperone,ER","HSP47 is the specific chaperone for collagen folding; essential for gravity resistance.","Mutations cause severe Osteogenesis Imperfecta and scoliosis/platyspondyly. (DOI: 10.1016/j.ajhg.2009.01.026)",90,"Crucial for collagen structural integrity."
SYNE2,Q8WXH0,Homo sapiens,"Mechanotransduction,Nucleus,LINC","Connects nucleus to actin cytoskeleton (Nesprin-2).","Mutations cause EDMD5 with early spinal contractures. (UniProt)",88,"LINC complex component linking nucleus to cytoskeletal tension."
SUN1,O94901,Homo sapiens,"Mechanotransduction,Nucleus,LINC","Inner nuclear membrane protein anchoring the LINC complex.","Mutations linked to EDMD and nuclear positioning defects in muscle. (PMC4161305)",88,"Anchor of the LINC complex."
RPL38,P63173,Homo sapiens,"Ribosome,Development","Regulates translation of specific Hox mRNAs (segmentation/axial identity).","Mutations cause 'Tail-short' phenotype with homeotic vertebral transformations. (PMC4445650)",88,"Ribosomal filter for Hox gene translation and vertebral patterning."
SUN2,Q9UH99,Homo sapiens,"Mechanotransduction,Nucleus,LINC","Redundant role with SUN1 in LINC complex; essential for nuclear mechanics.","Variants modify severity of EDMD and nuclear-cytoskeletal coupling. (PMC4161305)",85,"Partner of SUN1 in nuclear mechanotransduction."
CAV3,P56539,Homo sapiens,"Muscle,Mechanotransduction,Membrane","Muscle-specific caveolin; regulates T-tubule structure and mechanosignaling.","Mutations cause Rippling Muscle Disease and LGMD1C with spinal rigidity. (OMIM)",85,"Muscle-specific membrane mechanosensor."
ASIC3,Q9UHC3,Homo sapiens,"Ion_Channel,Mechanotransduction,Inflammation","Acid-sensing channel activated by metabolic waste/pH in loaded discs.","Promotes IVD degeneration and inflammation in the Nucleus Pulposus. (PMC6768050)",82,"Metabolic/Mechanosensor link in the IVD."
NTRK3,Q16288,Homo sapiens,"Proprioception,Signaling",Essential for development of proprioceptive neurons (gravity sensing).,"Loss of function mutations cause congenital scoliosis due to lack of proprioceptive input. (Blecher et al., 2017)",95,Primary driver of proprioceptive-dependent spinal alignment.
OTOP1,Q7RTS5,Homo sapiens,"Gravity_Sensing,Ion_Channel",Forms proton channels in otoconia; essential for otolith formation (gravity sensors).,Vestibular dysfunction is strongly linked to Idiopathic Scoliosis onset. (DOI: 10.1007/s40141-013-0026-6),92,Essential for the hardware of vestibular gravity sensing.
CDH23,Q9H251,Homo sapiens,"Gravity_Sensing,Mechanotransduction",Forms tip links in hair cells; primary mechanosensor for gravity in otoliths.,Mutations cause Usher Syndrome; vestibular defects often accompany spinal anomalies. (PubMed: 11138009),90,Primary mechanosensor of the vestibular gravity system.
MYO7A,Q13402,Homo sapiens,"Gravity_Sensing,Motor_Protein",Essential for tensioning tip links in hair cells (gravity sensors).,Usher syndrome 1B; linked to vestibular dysfunction and potential spinal alignment issues.,90,Motor protein tuning the sensitivity of gravity sensors.
ETV1,Q9Y6J9,Homo sapiens,"Proprioception,Transcription_Factor",Required for development of Ia afferent sensory neurons (muscle spindles).,"Essential for the stretch reflex arc maintaining postural tone against gravity. (Arber et al., 2000)",90,Transcription factor specifying the gravity-sensing reflex arc.
CCDC57,Q6NSZ9,Homo sapiens,"Cilia,PCP",Regulates ependymal polarity and cilia beating; essential for CSF flow.,Loss causes severe hydrocephalus and scoliosis in zebrafish. (PLOS Biology 2023),90,Ependymal polarity regulator linking CSF flow to spine.
GPX4,P36969,Homo sapiens,"Mechanotransduction,Ferroptosis",Prevents ferroptosis downstream of Piezo1-mediated mechanical overload.,PIEZO1-GPX4 axis drives vertebral growth plate dysplasia in scoliosis. (PMC12533149),88,Crucial metabolic guard against mechanically-induced cell death.
DNAH5,Q8TE73,Homo sapiens,"Cilia,Motor_Protein",Outer dynein arm heavy chain; essential for motile cilia (flow sensing).,Primary Ciliary Dyskinesia (PCD) patients have high prevalence of scoliosis. (DOI: 10.1183/09031936.00046808),88,Classic PCD gene with strong scoliosis comorbidity.
HYDIN,Q4G0P3,Homo sapiens,"Cilia,Structure",Central pair protein essential for ciliary motility and flow sensing.,Mutations cause hydrocephalus and scoliosis in mice and zebrafish. (UniProt),88,Central pair protein linking ciliary motility to spine stability.
ZMYND10,O75800,Homo sapiens,"Cilia,Assembly",Essential for assembly of dynein arms in motile cilia.,Mutations cause PCD; zmynd10 mutant zebrafish develop scoliosis. (UniProt),88,Dynein assembly factor linked to ciliary scoliosis.
FGFR3,P22607,Homo sapiens,"Growth_Plate,Mechanotransduction",Negative regulator of bone growth; signaling is mechanically modulated.,Achondroplasia features spinal stenosis and kyphosis; regulates growth plate mechanics. (PMC3087869),88,Major growth plate regulator responsive to load.
XYLT1,Q86Y38,Homo sapiens,"ECM,Enzyme",Initiates GAG synthesis on proteoglycans (shock absorbers).,Mutations cause Desbuquois dysplasia with severe scoliosis. (UniProt),85,Essential for proteoglycan synthesis and cartilage stiffness.
ROBO3,Q96MS0,Homo sapiens,"Axon_Guidance,Proprioception",Essential for hindbrain axon crossing in somatosensory/proprioceptive pathways.,Mutations cause Horizontal Gaze Palsy with Progressive Scoliosis (HGPPS). (DOI: 10.1038/ng1295),85,Direct link between neural circuit formation (proprioception) and spinal curvature.
CNTNAP2,Q9UHC6,Homo sapiens,"Adhesion,Axon_Guidance",Interacts with L1 and Robo; involved in neural circuit formation (proprioception).,GWAS association with Adolescent Idiopathic Scoliosis. (PubMed: 21216876),82,Genetic association linking neural adhesion to AIS.
TTLL11,Q8NHH1,Homo sapiens,"Cytoskeleton,Cilia",Polyglutamylase essential for ciliary microtubule stability (gravity sensor structure).,Variants associated with AIS; linked to ciliary defects. (PMC11470263),82,Cytoskeletal modifier linked to ciliary stability and scoliosis.
TOR1A,O14656,Homo sapiens,"Nucleus,ER,Mechanotransduction","Interacts with LINC complex (Sun1/2, Lamin); essential for nuclear-cytoskeletal coupling.","Mutations cause DYT1 Dystonia, frequently associated with scoliosis. (DOI: 10.1038/ng0997-101)",85,Nuclear envelope protein linking muscle tone (dystonia) to spinal curvature.
ARL13B,Q3SXY8,Homo sapiens,"Cilia,Signaling",Regulates ciliary signaling and structure; essential for sensing flow/gravity.,"Mutations cause Joubert Syndrome, characterized by cerebellar defects and scoliosis. (DOI: 10.1038/ng.180)",88,Key regulator of ciliary signaling with strong syndromic scoliosis link.
ADAMTS10,Q9H324,Homo sapiens,"ECM,Mechanotransduction",Interacts with Fibrillin-1 (FBN1); essential for microfibril assembly and tissue stiffness.,"Mutations cause Weill-Marchesani syndrome (short stature, stiff joints, scoliosis). (DOI: 10.1086/423900)",85,Fibrillin-interacting protease essential for ECM mechanics.
PTHLH,P12272,Homo sapiens,"Growth_Plate,Signaling",PTHrP regulates chondrocyte differentiation under mechanical load (IHH loop).,Essential for vertebral growth; disruption causes brachydactyly and spinal anomalies. (UniProt),82,Central regulator of growth plate pacing under mechanical constraints.
STAT3,P40763,Homo sapiens,"Signaling,Bone",Mechanosensitive signaling hub; regulates osteoblast differentiation.,"Dominant-negative mutations cause Hyper-IgE (Job's) syndrome, with high scoliosis prevalence. (DOI: 10.1056/NEJMoa073618)",82,Signaling pathway linking immune dysfunction to severe skeletal/spinal defects.
CCDC39,Q9UFE4,Homo sapiens,"Cilia,Motility",Essential for dynein arm assembly in motile cilia (flow sensors).,Mutations cause Primary Ciliary Dyskinesia (PCD) with situs inversus and scoliosis. (DOI: 10.1038/ng.718),88,Essential component of the ciliary motility machinery linked to curvature.
POC1B,Q8TC44,Homo sapiens,"Cilia,Structure",Essential for basal body and ciliary integrity.,Mutations cause PCD; linked to retinal degeneration and skeletal anomalies. (DOI: 10.1016/j.ajhg.2014.06.010),85,Structural component of cilia essential for function.
CCDC103,Q9Y2V0,Homo sapiens,"Cilia,Motility",Dynein attachment factor essential for ciliary motility.,Mutations cause PCD with situs inversus and scoliosis. (DOI: 10.1016/j.ajhg.2012.05.003),88,Key factor for dynein arm attachment in motile cilia.
LTBP3,Q9NS15,Homo sapiens,"ECM,Signaling",Regulates TGF-beta bioavailability in bone and ECM.,Loss causes dental and spinal defects (scoliosis/kyphosis) in mice and humans. (PubMed: 10655536),85,Regulator of TGF-beta signaling critical for spinal ossification.
SLC39A14,Q15043,Homo sapiens,"Ion_Transport,Bone,Mechanotransduction","Transports Manganese (Mn2+), required for integrin activation and mechanotransduction.",Mutations cause severe progressive scoliosis and hyperostosis. (PubMed: 27153396),85,Transporter providing co-factors for integrin-mediated gravity sensing.
KAT6B,Q8WYB5,Homo sapiens,"Chromatin,Development",Histone acetyltransferase regulating developmental gene expression.,"Mutations cause Genitopatellar and Ohdo syndromes, featuring severe scoliosis. (DOI: 10.1016/j.ajhg.2011.10.008)",82,Epigenetic regulator of vertebral development.
DYM,Q7RTS9,Homo sapiens,"Golgi,ECM,Transport",Regulates Golgi organization and ECM secretion.,Mutations cause Dyggve-Melchior-Clausen disease (spondyloepimetaphyseal dysplasia). (DOI: 10.1086/367920),82,Golgi protein affecting ECM quality and vertebral shape.
EVC,P57679,Homo sapiens,"Cilia,Hedgehog",Localizes to base of cilia; regulates Hedgehog signaling.,"Mutations cause Ellis-van Creveld syndrome (dwarfism, polydactyly, scoliosis). (DOI: 10.1038/73254)",85,Ciliary basal body protein regulating Hedgehog signaling.
EVC2,Q86UK5,Homo sapiens,"Cilia,Hedgehog",Forms complex with EVC at cilia base.,Mutations cause Ellis-van Creveld syndrome and Weyers acrofacial dysostosis. (DOI: 10.1086/373931),85,Partner of EVC in ciliary signaling.
IFT122,Q9HBG6,Homo sapiens,"Cilia,Transport",Component of IFT complex A; essential for retrograde ciliary transport.,Mutations cause Sensenbrenner syndrome (Cranioectodermal dysplasia) with skeletal defects. (DOI: 10.1016/j.ajhg.2010.04.017),85,IFT complex component essential for ciliary maintenance.
NEK1,Q96PY6,Homo sapiens,"Cilia,Signaling,Kinase",Kinase involved in ciliogenesis and DNA damage response.,Mutations cause Short-Rib Polydactyly Syndrome (fatal skeletal dysplasia). (DOI: 10.1016/j.ajhg.2010.12.003),82,Ciliary kinase regulating skeletal formation.
NEK8,Q86SG6,Homo sapiens,"Cilia,Signaling,Kinase",Localizes to cilia; regulates ciliary stability and signaling.,Mutations cause Nephronophthisis with skeletal and spinal anomalies. (DOI: 10.1038/ng.258),82,Ciliary kinase linked to fibrocystic/skeletal disease.
COL12A1,Q99715,Homo sapiens,"ECM,Muscle,Mechanotransduction","FACIT collagen associated with Type I fibrils; regulates fibril diameter and mechanical properties.","Ullrich Congenital Muscular Dystrophy and Bethlem Myopathy cause scoliosis/kyphosis. (DOI: 10.1002/humu.20697)",88,Structural interface between muscle and ECM; critical for load transmission.
DYNC1H1,Q14204,Homo sapiens,"Cytoskeleton,Motor_Protein,Transport","Cytoplasmic dynein heavy chain; drives retrograde transport essential for cellular gravity/stress sensing.","Mutations cause SMA-LED; associated with severe scoliosis and foot deformities. (DOI: 10.1038/ng.2446)",88,Motor protein essential for retrograde signaling and neuronal survival in the spine.
ROR2,Q01974,Homo sapiens,"PCP,Wnt_Signaling,Receptor","Wnt co-receptor driving PCP; aligns tissues against stress vectors.","Mutations cause Robinow Syndrome (recessive) with hemivertebrae and scoliosis. (DOI: 10.1038/ng0400-435)",90,Key PCP receptor directly linked to vertebral segmentation defects.
LOXL3,P58215,Homo sapiens,"ECM,Enzyme,Crosslinking","Oxidizes lysines in collagen/elastin; essential for tissue tensile strength against gravity.","Mutations cause Stickler Syndrome (non-ocular) and early-onset scoliosis. (DOI: 10.1093/hmg/ddv438)",85,Enzyme determining the stiffness of the spinal column.
FBLN4,O95925,Homo sapiens,"ECM,Elasticity","Essential for elastic fiber assembly; provides recoil against gravity loading.","Mutations cause Cutis Laxa with severe skeletal anomalies and tortuosity. (DOI: 10.1016/j.ajhg.2009.09.013)",85,Critical for elastic fiber integrity in the spine.
PLOD1,Q02809,Homo sapiens,"ECM,Enzyme","Hydroxylates lysines for collagen crosslinking; determines mechanical stability.","Kyphoscoliosis type Ehlers-Danlos Syndrome (EDS VIA) is caused by PLOD1 deficiency. (DOI: 10.1056/NEJM197206222862503)",92,Defining gene for Kyphoscoliotic EDS; major structural determinant.
FKBP10,Q96AY3,Homo sapiens,"ECM,Chaperone","Chaperone for collagen and elastin; ensures proper folding for load resistance.","Mutations cause Osteogenesis Imperfecta and Bruck Syndrome (contractures + scoliosis). (DOI: 10.1016/j.ajhg.2009.10.023)",88,Collagen chaperone essential for bone and joint stiffness.
TGFBR1,P36897,Homo sapiens,"Signaling,Mechanotransduction","Receptor for TGF-beta; pathway is mechanically activated by ECM strain.","Loeys-Dietz Syndrome Type 1 causes rapidly progressive scoliosis/cervical instability. (DOI: 10.1038/ng1511)",90,Primary transducer of the mechanically-regulated TGF-beta signal.
COL9A1,P20849,Homo sapiens,"ECM,Cartilage","FACIT collagen stabilizing cartilage fibrils against compressive load.","Mutations cause Stickler Syndrome and Multiple Epiphyseal Dysplasia with spinal defects. (DOI: 10.1086/302008)",85,Structural component of the intervertebral disc and cartilage.
GPC3,P51654,Homo sapiens,"Signaling,Development,HSPG","Cell surface heparan sulfate proteoglycan; regulates Wnt/Hedgehog distribution (morphogen gradients).","Simpson-Golabi-Behmel syndrome causes overgrowth and skeletal segmentation defects/scoliosis. (DOI: 10.1038/ng0596-76)",82,Regulator of morphogen gradients determining vertebral size.
TMEM63A,O94886,Homo sapiens,"Ion_Channel,Mechanotransduction","Mammalian homolog of OSCA (plant mechanosensor); activated by membrane stretch.","Mutations cause transient hypomyelination; potential link to neural control of posture. (DOI: 10.1038/s41588-019-0527-4)",75,New class of mechanosensitive channel; relevance to spine emerging.
TRPM7,Q923J1,Homo sapiens,"Ion_Channel,Kinase,Mechanotransduction","Chanzyme (Channel+Kinase); sensing fluid flow and membrane tension.","Essential for skeletal development; zebrafish mutants show curvature. (DOI: 10.1016/j.devcel.2010.02.006)",85,Dual-function chanzyme critical for skeletal mechanosensing.
PAPPA2,Q9BXP8,Homo sapiens,"Signaling,Growth,Enzyme","Cleaves IGFBP5, releasing IGF-1 locally; regulates bone geometry under load.","Mutations cause short stature and thin long bones; vertebral geometry affected. (DOI: 10.1056/NEJMoa1510985)",80,Regulator of local IGF bioavailability and bone dimensions.
KCNK2,Q92806,Homo sapiens,"Ion_Channel,Mechanotransduction","Potassium channel activated by membrane stretch; sets resting potential based on load.","Modulates excitability of motoneurons and sensory neurons; potential role in postural tone. (DOI: 10.1038/nrn1917)",78,Classic mechanosensitive K+ channel regulating neuronal excitability.
SPP1,P10451,Homo sapiens,"ECM,Mechanotransduction,Bone","Matricellular protein upregulated by mechanical stress; essential for osteoclast attachment.","Plasma levels correlate with AIS curve severity; regulates bone remodeling balance. (DOI: 10.1016/j.spinee.2016.01.002)",82,Load-dependent regulator of bone remodeling and mineralization.
KDM4C,Q9H3R0,Homo sapiens,"Epigenetics,Mechanotransduction,Nucleus",Mechanosensitive demethylase; reduced H3K9me3 levels observed in soft nuclear environments (microgravity).,"Loss of H3K9me3 heterochromatin leads to 'Epigenetic Drift' and genomic instability, a driver of scoliotic progression. (Nava et al., 2020)",88,Key epigenetic stiffness sensor linking nuclear mechanics to gene expression stability.
SUV39H1,O43463,Homo sapiens,"Epigenetics,Mechanotransduction,Nucleus",Major H3K9me3 methyltransferase; activity is required to maintain nuclear stiffness against gravity.,"Downregulation linked to cellular senescence and loss of tissue integrity in spinal curvature. (Nava et al., 2020 context)",85,Writer of the heterochromatin 'stiffness code' protecting the genome.
NFE2L2,Q16236,Homo sapiens,"Signaling,ROS,Muscle",Master regulator of antioxidant response; activated by unloading-induced oxidative stress (ROS).,"ROS-METTL3 axis drives paraspinal muscle asymmetry and atrophy in AIS. (Shao et al., 2025)",85,Critical defender against microgravity-induced oxidative damage in paraspinal muscles.
CCN2,P29279,Homo sapiens,"ECM,Mechanotransduction,Fibrosis",Direct target of YAP/TAZ; expression scales with mechanical load and stiffness.,Upregulated in ligamentum flavum of scoliosis patients; drives asymmetric fibrosis. (DOI: 10.1096/fj.201802652R),85,Major effector of fibrosis and stiffness in response to mechanical load.
PKHD1,P08F94,Homo sapiens,"Cilia,Mechanotransduction",Fibrocystin; essential for ciliary sensing of fluid flow (gravity proxy).,"Mutations cause ARPKD and Congenital Hepatic Fibrosis, often associated with scoliosis. (DOI: 10.1007/s00439-014-1430-x)",82,Ciliary mechanosensor linked to syndromic spinal defects.
WDR35,Q9P2L0,Homo sapiens,"Cilia,Transport",IFT component essential for ciliary structure and flow sensing.,Mutations cause Sensenbrenner syndrome (Cranioectodermal dysplasia) with narrow thorax and spinal anomalies. (DOI: 10.1016/j.ajhg.2010.04.017),82,IFT protein linking ciliary structure to skeletal form.
UNCX,Q96D98,Homo sapiens,"Segmentation,Somite",Defines posterior half of somites; essential for establishing vertebral boundaries.,Mutations lead to vertebral fusion and segmentation defects (spondylocostal dysostosis-like). (DOI: 10.1038/nature06686),80,Transcription factor defining the structural unit of the spine.
PCDH15,Q96QU1,Homo sapiens,"Gravity_Sensing,Mechanotransduction,Tip_Link",Tip link component; essential for mechanotransduction in hair cells.,Mutations cause Usher Syndrome Type 1F; vestibular dysfunction often linked to spinal anomalies. (PubMed: 12068292),90,Essential tip-link component for gravity mechanotransduction.
USH1C,Q9Y6N9,Homo sapiens,"Gravity_Sensing,Scaffold,Mechanotransduction",Harmonin; scaffolding protein in stereocilia essential for mechanotransduction.,Mutations cause Usher Syndrome Type 1C; linked to vestibular defects and scoliosis. (PubMed: 10985330),90,Key scaffold for the mechanotransduction complex.
TMC1,Q8TDI8,Homo sapiens,"Gravity_Sensing,Ion_Channel,Mechanotransduction",Pore-forming subunit of the mechanotransduction channel in hair cells.,Mutations cause deafness and vestibular dysfunction; potential link to postural control. (PubMed: 25168391),90,The core mechanotransduction channel pore.
TMC2,Q8TDI7,Homo sapiens,"Gravity_Sensing,Ion_Channel,Mechanotransduction",Redundant function with TMC1 in mechanotransduction channel formation.,Essential for vestibular hair cell function; knockout mice show balance defects. (PubMed: 25168391),88,Redundant core mechanotransduction channel.
WDR19,Q8NEZ3,Homo sapiens,"Cilia,Transport,IFT",IFT144; component of IFT-A complex essential for retrograde ciliary transport.,Mutations cause Sensenbrenner syndrome (Cranioectodermal dysplasia) with skeletal anomalies. (PubMed: 21940737),88,IFT-A component linked to syndromic skeletal defects.
RSPH1,Q8WXN3,Homo sapiens,"Cilia,Motility,Structure",Radial Spoke Head 1; structural component of radial spokes in motile cilia.,Mutations cause Primary Ciliary Dyskinesia (PCD); cilia motility essential for spine straightness. (PubMed: 22464730),88,Radial spoke component critical for ciliary motility.
RSPH4A,Q53AD0,Homo sapiens,"Cilia,Motility,Structure",Radial Spoke Head 4 Homolog A; essential for radial spoke assembly.,Mutations cause PCD with specific ultrastructural defects; linked to scoliosis in PCD. (PubMed: 17351641),88,Radial spoke head essential for ciliary function.
RSPH9,Q9H1X1,Homo sapiens,"Cilia,Motility,Structure",Radial Spoke Head 9; component of the radial spoke head.,Mutations cause PCD with central pair defects; associated with scoliosis. (PubMed: 19131665),88,Radial spoke component linked to PCD and spine.
DNAI1,Q9UI46,Homo sapiens,"Cilia,Motility,Motor_Protein",Outer dynein arm intermediate chain 1; essential for ciliary beating.,Mutations cause PCD; dynein arms drive the ciliary motility required for spine alignment. (PubMed: 11598177),88,Major outer dynein arm component.
DNAI2,Q9GZS0,Homo sapiens,"Cilia,Motility,Motor_Protein",Outer dynein arm intermediate chain 2; essential for dynein assembly.,Mutations cause PCD; loss of motility leads to potential spinal curvature. (PubMed: 18451862),88,Outer dynein arm component.
CCNO,P22674,Homo sapiens,"Cilia,Multiciliogenesis",Cyclin O; essential for generation of multiple motile cilia.,Mutations cause reduced ciliary generation and PCD-like symptoms. (PubMed: 25109062),85,Master regulator of multiciliogenesis.
MCIDAS,Q8N5S5,Homo sapiens,"Cilia,Multiciliogenesis,Transcription_Factor",Multiciliate Differentiation And DNA Synthesis Associated Cell Cycle Protein.,Promotes multiciliogenesis; essential for mucociliary clearance and potentially CSF flow. (PubMed: 20616174),85,Key driver of multiciliated cell differentiation.
PIFO,Q8WZ60,Homo sapiens,"Cilia,Formation",Primary Cilia Formation protein; involved in ciliary node formation.,Essential for left-right asymmetry; defects lead to laterality and spinal issues. (PubMed: 21256070),85,Regulator of ciliary node formation and asymmetry.
COL10A1,Q03692,Homo sapiens,"ECM,Cartilage,Growth_Plate",Collagen Type X Alpha 1; specific to hypertrophic zone of growth plate.,Mutations cause Schmid Metaphyseal Chondrodysplasia (SMCD) with spinal changes. (PubMed: 8240439),85,Hypertrophic cartilage collagen essential for ossification.
MATN3,O15232,Homo sapiens,"ECM,Cartilage",Matrilin-3; filamentous matrix protein in cartilage.,Mutations cause Multiple Epiphyseal Dysplasia (MED) with spinal involvement. (PubMed: 11135246),85,Cartilage matrix protein linked to dysplasia.
TRAAK,Q9NYG8,Homo sapiens,"Mechanotransduction,Ion_Channel",Mechanosensitive Potassium Channel; activated by membrane stretch.,Involved in noxious mechanosensation; potential role in proprioception. (PubMed: 10619472),82,Mechanosensitive K+ channel modulating excitability.
CELSR2,Q9HCU4,Homo sapiens,"PCP,Cadherin,Signaling",Cadherin EGF LAG Seven-Pass G-Type Receptor 2; PCP component.,Essential for motile cilia orientation and neural tube closure. (PubMed: 16908628),85,PCP receptor regulating cilia polarity.
CELSR3,Q9NYQ7,Homo sapiens,"PCP,Cadherin,Axon_Guidance",Cadherin EGF LAG Seven-Pass G-Type Receptor 3; PCP component.,Regulates axonal tract formation; potential link to neural control of posture. (PubMed: 16908628),82,PCP receptor critical for neural wiring.
PRICKLE2,Q7Z3G6,Homo sapiens,"PCP,Signaling",Prickle Homolog 2; PCP pathway component.,Regulates tissue polarity; implicated in neural tube defects. (PubMed: 21540846),80,PCP component linking polarity to structure.
ANKRD6,Q9BZ71,Homo sapiens,"PCP,Wnt_Signaling",Diversin; ankyrin repeat protein in Wnt/PCP signaling.,Modulates Wnt signaling; essential for PCP-dependent processes. (PubMed: 11459846),80,Wnt/PCP modulator.
